[
  {
    "listen": "0.0.0.0",
    "port": 11101,
    "protocol": "socks",
    "settings": {
      "auth": "password",
      "accounts": [
        {
          "user": "qwert12345..",
          "pass": "qwert12345.."
        }
      ],
      "udp": true,
      "ip": "127.0.0.1",
      "userLevel": 0
    }
  },
  {
    "listen": "::",
    "port": 11101,
    "protocol": "socks",
    "settings": {
      "auth": "password",
      "accounts": [
        {
          "user": "qwert12345..",
          "pass": "qwert12345.."
        }
      ],
      "udp": true,
      "ip": "::1",
      "userLevel": 0
    }
  }
]