[
  {
    "tag": "netflix",
    "protocol": "socks",
    "settings": {
      "servers": [
        {
          "address": "hkjs.nfsq.us",
          "port": 11101,
          "users": [
          	{
          		"user": "qwert12345..",
          		"pass": "qwert12345..",
          		"level": 0
          	}
             ]
         }
      ]
    }
  },
  {
    "tag": "gpt",
    "protocol": "socks",
    "settings": {
      "servers": [
        {
          "address": "hkgpt.nfsq.us",
          "port": 11101,
          "users": [
          	{
          		"user": "qwert12345..",
          		"pass": "qwert12345..",
          		"level": 0
          	}
             ]
         }
      ]
    }
  },
  {
    "tag": "abema",
    "protocol": "socks",
    "settings": {
      "servers": [
        {
          "address": "hkabema.nfsq.us",
          "port": 11101,
          "users": [
          	{
          		"user": "qwert12345..",
          		"pass": "qwert12345..",
          		"level": 0
          	}
             ]
         }
      ]
    }
  },
  {
    "tag": "projectsekai",
    "protocol": "socks",
    "settings": {
      "servers": [
        {
          "address": "projectsekai.nfsq.us",
          "port": 11101,
          "users": [
          	{
          		"user": "qwert12345..",
          		"pass": "qwert12345..",
          		"level": 0
          	}
             ]
         }
      ]
    }
  },
  {
    "tag": "bilibili",
    "protocol": "socks",
    "settings": {
      "servers": [
        {
          "address": "bilibili.nfsq.us",
          "port": 11101,
          "users": [
          	{
          		"user": "qwert12345..",
          		"pass": "qwert12345..",
          		"level": 0
          	}
             ]
         }
      ]
    }
  },
  {
    "tag": "dazn",
    "protocol": "socks",
    "settings": {
      "servers": [
        {
          "address": "hkjs.nfsq.us",
          "port": 11101,
          "users": [
          	{
          		"user": "qwert12345..",
          		"pass": "qwert12345..",
          		"level": 0
          	}
             ]
         }
      ]
    }
  },
  {
    "tag": "hbomax",
    "protocol": "socks",
    "settings": {
      "servers": [
        {
          "address": "hbomax.nfsq.us",
          "port": 11101,
          "users": [
          	{
          		"user": "qwert12345..",
          		"pass": "qwert12345..",
          		"level": 0
          	}
             ]
         }
      ]
    }
  },
  {
    "tag": "gemini",
    "protocol": "socks",
    "settings": {
      "servers": [
        {
          "address": "hkgemini.nfsq.us",
          "port": 11101,
          "users": [
          	{
          		"user": "qwert12345..",
          		"pass": "qwert12345..",
          		"level": 0
          	}
             ]
         }
      ]
    }
  },
  {
    "tag": "mytvsuper",
    "protocol": "socks",
    "settings": {
      "servers": [
        {
          "address": "mytvsuper.nfsq.us",
          "port": 11101,
          "users": [
          	{
          		"user": "qwert12345..",
          		"pass": "qwert12345..",
          		"level": 0
          	}
             ]
         }
      ]
    }
  }
]