{
  "domainStrategy": "AsIs",
  "rules": [
    {
      "type": "field",
      "outboundTag": "netflix",
      "domain": [
        "geosite:netflix",
        "geosite:disney"
      ]
    },
    {
      "type": "field",
      "outboundTag": "gpt",
      "domain": [
        "geosite:openai",
        "openai.com",
        "cdn.auth0.com",
        "azureedge.net",
        "sentry.io",
        "azurefd.net",
        "intercomcdn.com",
        "intercom.io",
        "google-analytics.com",
        "identrust.com",
        "challenges.cloudflare.com",
        "ai.com",
        "oaistatic.com",
        "oaiusercontent.com",
        "ios.chat.openai.com",
        "android.chat.openai.com",
        "ab.chatgpt.com",
        "chatgpt.com",
        "chat.openai.com",
        "beta.openai.com",
        "auth0.openai.com",
        "auth1.openai.com",
        "auth2.openai.com",
        "api.openai.com",
        "files.oaiusercontent.com"
      ]
    },
    {
      "type": "field",
      "outboundTag": "abema",
      "domain": [
        "geosite:abema"
      ]
    },
    {
      "type": "field",
      "outboundTag": "projectsekai",
      "domain": [
        "cygames.jp",
        "konosubafd.jp",
        "colorfulpalette.org",
        "cds1.clubdam.com",
        "api.worldflipper.jp"
      ]
    },
    {
      "type": "field",
      "outboundTag": "bilibili",
      "domain": [
        "geosite:bilibili"
      ]
    },
    {
      "type": "field",
      "outboundTag": "dazn",
      "domain": [
        "control.kochava.com",
        "d151l6v8er5bdm.cloudfront.net",
        "d1sgwhnao7452x.cloudfront.net",
        "dazn-api.com",
        "dazn.com",
        "dazndn.com",
        "dc2-vodhls-perform.secure.footprint.net",
        "dca-ll-livedazn-dznlivejp.s.llnwi.net",
        "dcalivedazn.akamaized.net",
        "dcblivedazn.akamaized.net",
        "indazn.com",
        "indaznlab.com",
        "intercom.io",
        "logx.optimizely.com",
        "s.yimg.jp",
        "sentry.io"
      ]
    },
    {
      "type": "field",
      "outboundTag": "hbomax",
      "domain": [
        "max.com",
        "maxgo.com",
        "hbo.com",
        "hbonow.com",
        "hbogo.com",
        "hbomax.com",
        "hbomaxcdn.com",
        "forthethrone.com",
        "cinemax.com"
      ]
    },
    {
      "type": "field",
      "outboundTag": "gemini",
      "domain": [
        "gemini.google.com"
      ]
    },
    {
      "type": "field",
      "outboundTag": "mytvsuper",
      "domain": [
        "bigbigchannel.com.hk",
        "bigbigshop.com",
        "content.jwplatform.com",
        "encoretvb.com",
        "mytvsuper.com",
        "mytvsuperlimited.hb.omtrdc.net",
        "mytvsuperlimited.sc.omtrdc.net",
        "tvb.com",
        "tvb.com.au",
        "tvbanywhere.com",
        "tvbanywhere.com.sg",
        "tvbc.com.cn",
        "tvbeventpower.com.hk",
        "tvbusa.com",
        "tvbweekly.com",
        "tvmedia.net.au",
        "videos-f.jwpsrv.com"
      ]
    }
  ]
}